Taunton
Haverhill
Peabody
Hudson
Dennis
Lynnfield
Quincy
Winchester
Natick
Holyoke
Concord
Leicester
Millbury
Springfield
Orange
Plymouth
Newton
Essex
Framingham
Lakeville
Southbridge
Dunstable
Dedham
Reading
Dartmouth
Barnstable
Burlington
Wakefield
East longmeadow
Norwood
Fall river
Uxbridge
Auburn
Warren
Williamstown
Fairhaven
Abington
Yarmouth
Medford
Milton
Needham
Boston
Acton
Fitchburg
Worcester
Methuen
Gardner
Oxford
Brockton
Arlington
Gloucester
Avon
Danvers
Rockland
"Monterey, tyringham"
Stoughton
North adams
Bourne
Everett
Billerica
Mashpee
"Alford, egremont, mount washington"
Pittsfield
Hopedale
Somerville
Lynn
Watertown
Marlborough
Amherst
Sudbury
Bedford
Blackstone
Northampton
Orleans
Attleboro
Walpole
"Peru, windsor"
Stoneham
"Hardwick, new braintree"
Beverly
Hamilton
Franklin
Clinton
Medfield
Westford
Wrentham
Salem
Palmer
Eastham
New bedford
Norton
Belmont
Northborough
Hanover
Greenfield
Southborough
Wayland
Easton
Manchester
"Conway, ashfield"
Whitman
Littleton
Melrose
Sandwich
Weymouth
North attleboro
Westfield
Bridgewater
Pepperell
North andover
Waltham
Tewksbury
Chatham
Lawrence
Pembroke
East brookfield
Boxborough
Grafton
Nahant
Wareham
Sharon
Hanson
Webster
Swansea
Andover
Lowell
West boylston
Tyngsborough
Newburyport
Kingston
Northbridge
Clarksburg
Adams
Marblehead
Leominster
Southwick
Berlin
Dudley
Swampscott
Brewster
Westport
Marion
Charlton
Lunenburg
Ipswich
Groton
Chicopee
Freetown
Wellesley
Holden
Plympton
Dover
Carlisle
Sturbridge
Townsend
Shirley
"Colrain, rowe, hawley, heath"
Sherborn
Falmouth
Brookfield
Braintree
Hatfield
Acushnet
Mattapoisett
Monson
Chelmsford
West springfield
Mendon
Amesbury
Saugus
Rowley
Athol
West stockbridge
Longmeadow
Westborough
Randolph
Woburn
Middleborough
Hampden
Agawam
Boylston
Wellfleet
Bolton
Maynard
Nantucket
Sutton
Milford
West brookfield
Rehoboth
Oakham
Lexington
Ludlow
Truro
Lenox
Spencer
Hinsdale
Upton
Dalton
North brookfield
Dighton
Montague
Newbury
Ashby
Ashland
Boxford
Somerset
Hadley
Wilmington
Dracut
Edgartown
Huntington
Lee
Westhampton
Cheshire
Holbrook
Granby
Lancaster
Ware
Westwood
Carver
"Wales, holland"
Southampton
Easthampton
Marshfield
Lanesborough
Medway
Hingham
Sterling
Rockport
South hadley
Deerfield
Brimfield
Revere
"Whately, sunderland"
East bridgewater
Northfield
Rochester
Princeton
Westminster
Cambridge
Canton
Mansfield
Duxbury
Ashburnham
Winthrop
Malden
Hubbardston
"Buckland, shelburne"
Chelsea
Barre
Foxborough
Brookline
New marlborough
Sheffield
Millville
Holliston
Harwich
West bridgewater
"Bernardston, leyden, gill"
"Savoy, florida"
Scituate
Georgetown
Tisbury
"Gosnold, chilmark, west tisbury, aquinnah"
Shrewsbury
"Richmond, new ashford, hancock"
Weston
Norfolk
Hull
Oak bluffs
Raynham
Wenham
"Erving, wendell, warwick"
"Washington, becket"
Merrimac
"Sandisfield, otis"
Seekonk
Groveland
Norwell
Provincetown
"Plainfield, cummington, middlefield"
Wilbraham
"Shutesbury, leverett, new salem"
Salisbury
Hopkinton
Topsfield
West newbury
Paxton
Berkley
Halifax
Stockbridge
